1,meet and sausage,sausage,frankfurter
2,meet and sausage,sausage,sausage
3,meet and sausage,sausage,liver loaf
4,meet and sausage,sausage,ham
5,meet and sausage,sausage,meat
6,meet and sausage,sausage,finished products
7,meet and sausage,sausage,organic sausage
8,meet and sausage,poultry,chicken
9,meet and sausage,poultry,turkey
10,meet and sausage,pork,pork
11,meet and sausage,beef,beef
12,meet and sausage,beef,hamburger meat
13,meet and sausage,fish,fish
14,fruit and vegetables,fruit,citrus fruit
15,fruit and vegetables,fruit,tropical fruit
16,fruit and vegetables,fruit,pip fruit
17,fruit and vegetables,fruit,grapes
18,fruit and vegetables,fruit,berries
19,fruit and vegetables,fruit,nuts/prunes
20,fruit and vegetables,vegetables,root vegetables
21,fruit and vegetables,vegetables,onions
22,fruit and vegetables,vegetables,herbs
23,fruit and vegetables,vegetables,other vegetables
24,fruit and vegetables,packaged fruit/vegetables,packaged fruit/vegetables
25,fresh products,dairy produce,whole milk
26,fresh products,dairy produce,butter
27,fresh products,dairy produce,curd
28,fresh products,dairy produce,dessert
29,fresh products,dairy produce,butter milk
30,fresh products,dairy produce,yogurt
31,fresh products,dairy produce,whipped/sour cream
32,fresh products,dairy produce,beverages
33,fresh products,shelf-stable dairy,UHT-milk
34,fresh products,shelf-stable dairy,condensed milk
35,fresh products,shelf-stable dairy,cream
36,fresh products,cheese,soft cheese
37,fresh products,cheese,sliced cheese
38,fresh products,cheese,hard cheese
39,fresh products,cheese,cream cheese
40,fresh products,cheese,processed cheese
41,fresh products,cheese,spread cheese
42,fresh products,cheese,curd cheese
43,fresh products,cheese,specialty cheese
44,fresh products,delicatessen,mayonnaise
45,fresh products,delicatessen,salad dressing
46,fresh products,delicatessen,tidbits
47,fresh products,frozen foods,frozen vegetables
48,fresh products,frozen foods,frozen fruits
49,fresh products,frozen foods,frozen meals
50,fresh products,frozen foods,frozen fish
51,fresh products,frozen foods,frozen chicken
52,fresh products,frozen foods,ice cream
53,fresh products,frozen foods,frozen dessert
54,fresh products,frozen foods,frozen potato products
55,fresh products,eggs,domestic eggs
56,fresh products,bread and backed goods,rolls/buns
57,fresh products,bread and backed goods,white bread
58,fresh products,bread and backed goods,brown bread
59,fresh products,bread and backed goods,pastry
60,fresh products,bread and backed goods,roll products
61,fresh products,bread and backed goods,semi-finished bread
62,fresh products,bread and backed goods,zwieback
63,processed food,staple foods,potato products
64,processed food,staple foods,flour
65,processed food,staple foods,salt
66,processed food,staple foods,rice
67,processed food,staple foods,pasta
68,processed food,vinegar/oils,vinegar
69,processed food,vinegar/oils,oil
70,processed food,vinegar/oils,margarine
71,processed food,vinegar/oils,specialty fat
72,processed food,sweetener,sugar
73,processed food,sweetener,artif. sweetener
74,processed food,sweetener,honey
75,processed food,condiments,mustard
76,processed food,condiments,ketchup
77,processed food,condiments,spices
78,processed food,soups/sauces,soups
79,processed food,soups/sauces,ready soups
80,processed food,soups/sauces,Instant food products
81,processed food,soups/sauces,sauces
82,processed food,health food,cereals
83,processed food,health food,organic products
84,processed food,bakery improver,baking powder
85,processed food,bakery improver,preservation products
86,processed food,pudding powder,pudding powder
87,canned food,canned fruit/vegetables,canned vegetables
88,canned food,canned fruit/vegetables,canned fruit
89,canned food,canned fruit/vegetables,pickled vegetables
90,canned food,canned fruit/vegetables,specialty vegetables
91,canned food,jam/sweet spreads,jam
92,canned food,jam/sweet spreads,sweet spreads
93,canned food,meat spreads,meat spreads
94,canned food,canned fish,canned fish
95,canned food,pet food/care,dog food
96,canned food,pet food/care,cat food
97,canned food,pet food/care,pet care
98,canned food,baby food,baby food
99,drinks,coffee,coffee
100,drinks,coffee,instant coffee
101,drinks,tea/cocoa drinks,tea
102,drinks,tea/cocoa drinks,cocoa drinks
103,drinks,non-alc. drinks,bottled water
104,drinks,non-alc. drinks,soda
105,drinks,non-alc. drinks,misc. beverages
106,drinks,non-alc. drinks,fruit/vegetable juice
107,drinks,non-alc. drinks,syrup
108,drinks,beer,bottled beer
109,drinks,beer,canned beer
110,drinks,hard drinks,brandy
111,drinks,hard drinks,whisky
112,drinks,hard drinks,liquor
113,drinks,hard drinks,rum
114,drinks,hard drinks,liqueur
115,drinks,hard drinks,liquor (appetizer)
116,drinks,wine,white wine
117,drinks,wine,red/blush wine
118,drinks,wine,prosecco
119,drinks,wine,sparkling wine
120,snacks and candies,snacks,salty snack
121,snacks and candies,snacks,popcorn
122,snacks and candies,snacks,nut snack
123,snacks and candies,snacks,snack products
124,snacks and candies,long-life bakery products,long life bakery product
125,snacks and candies,long-life bakery products,waffles
126,snacks and candies,long-life bakery products,cake bar
127,snacks and candies,chewing gum,chewing gum
128,snacks and candies,chocolate,chocolate
129,snacks and candies,chocolate,cooking chocolate
130,snacks and candies,chocolate,specialty chocolate
131,snacks and candies,chocolate,specialty bar
132,snacks and candies,chocolate,chocolate marshmallow
133,snacks and candies,candy,candy
134,snacks and candies,seasonal products,seasonal products
135,detergent,detergent/softener,detergent
136,detergent,detergent/softener,softener
137,detergent,detergent/softener,decalcifier
138,detergent,cleaner,dish cleaner
139,detergent,cleaner,abrasive cleaner
140,detergent,cleaner,cleaner
141,detergent,bathroom cleaner,toilet cleaner
142,detergent,bathroom cleaner,bathroom cleaner
143,perfumery,hair care,hair spray
144,perfumery,dental care,dental care
145,perfumery,cosmetics,male cosmetics
146,perfumery,cosmetics,make up remover
147,perfumery,cosmetics,skin care
148,perfumery,cosmetics,female sanitary products
149,perfumery,cosmetics,baby cosmetics
150,perfumery,soap,soap
151,perfumery,personal hygiene,rubbing alcohol
152,perfumery,perfumery,hygiene articles
153,perfumery,perfumery,napkins
154,non-food,non-food kitchen,dishes
155,non-food,non-food kitchen,cookware
156,non-food,non-food kitchen,kitchen utensil
157,non-food,non-food kitchen,cling film/bags
158,non-food,non-food house keeping products,kitchen towels
159,non-food,non-food house keeping products,house keeping products
160,non-food,non-food house keeping products,candles
161,non-food,non-food house keeping products,light bulbs
162,non-food,games/books/hobby,sound storage medium
163,non-food,games/books/hobby,newspapers
164,non-food,games/books/hobby,photo/film
165,non-food,garden,pot plants
166,non-food,garden,flower soil/fertilizer
167,non-food,garden,flower (seeds)
168,non-food,bags,shopping bags
169,non-food,bags,bags
